"Professor 0","Course 2504"
"Professor 0","Course 2501"
"Professor 0","Course 2502"
"Professor 0","Course 2501"
"Professor 1","Course 2502"
"Professor 1","Course 2502"
"Professor 1","Course 2501"
"Professor 1","Course 2504"
"Professor 2","Course 2505"
"Professor 2","Course 2505"
"Professor 2","Course 2508"
"Professor 2","Course 2507"
"Professor 2","Course 2507"
"Professor 3","Course 2510"
"Professor 3","Course 2509"
"Professor 3","Course 2507"
"Professor 4","Course 2509"
"Professor 4","Course 2506"
"Professor 4","Course 2508"
"Professor 4","Course 2503"
"Professor 4","Course 2510"
"Professor 4","Course 2509"
"Professor 5","Course 2504"
"Professor 5","Course 2508"
"Professor 5","Course 2509"
"Professor 5","Course 2507"
"Professor 6","Course 2501"
"Professor 6","Course 2503"
"Professor 6","Course 2510"
"Professor 7","Course 2509"
"Professor 7","Course 2501"
"Professor 7","Course 2510"
"Professor 7","Course 2509"
"Professor 7","Course 2507"
"Professor 7","Course 2505"
"Professor 8","Course 2510"
"Professor 8","Course 2508"
"Professor 8","Course 2510"
"Professor 9","Course 2510"
"Professor 9","Course 2502"
"Professor 9","Course 2507"
"Professor 9","Course 2504"
"Professor 9","Course 2507"
"Professor 9","Course 2508"
"Professor 10","Course 2505"
"Professor 10","Course 2506"
"Professor 10","Course 2503"
"Professor 10","Course 2503"
"Professor 11","Course 2504"
"Professor 11","Course 2504"
"Professor 11","Course 2507"
"Professor 11","Course 2502"
"Professor 11","Course 2507"
"Professor 12","Course 2505"
"Professor 12","Course 2509"
"Professor 12","Course 2506"
"Professor 12","Course 2507"
"Professor 12","Course 2502"
"Professor 12","Course 2509"
"Professor 13","Course 2509"
"Professor 13","Course 2505"
"Professor 13","Course 2506"
"Professor 13","Course 2510"
"Professor 13","Course 2508"
"Professor 14","Course 2508"
"Professor 14","Course 2503"
"Professor 14","Course 2507"
"Professor 15","Course 2503"
"Professor 15","Course 2504"
"Professor 15","Course 2502"
"Professor 15","Course 2510"
"Professor 15","Course 2509"
"Professor 15","Course 2504"
"Professor 16","Course 2509"
"Professor 16","Course 2507"
"Professor 16","Course 2508"
"Professor 16","Course 2507"
"Professor 16","Course 2502"
"Professor 17","Course 2501"
"Professor 17","Course 2504"
"Professor 17","Course 2503"
"Professor 17","Course 2503"
"Professor 18","Course 2507"
"Professor 18","Course 2502"
"Professor 18","Course 2508"
"Professor 18","Course 2506"
"Professor 18","Course 2504"
"Professor 19","Course 2510"
"Professor 19","Course 2509"
"Professor 19","Course 2507"
"Professor 19","Course 2507"
"Professor 20","Course 2501"
"Professor 20","Course 2506"
"Professor 20","Course 2501"
"Professor 20","Course 2505"
"Professor 20","Course 2510"
"Professor 20","Course 2506"
"Professor 21","Course 2508"
"Professor 21","Course 2501"
"Professor 21","Course 2509"
"Professor 21","Course 2504"
"Professor 21","Course 2502"
"Professor 22","Course 2506"
"Professor 22","Course 2505"
"Professor 22","Course 2506"
"Professor 22","Course 2504"
"Professor 22","Course 2504"
"Professor 23","Course 2507"
"Professor 23","Course 2509"
"Professor 23","Course 2501"
"Professor 23","Course 2509"
"Professor 24","Course 2503"
"Professor 24","Course 2510"
"Professor 24","Course 2510"
"Professor 24","Course 2502"
"Professor 25","Course 2509"
"Professor 25","Course 2510"
"Professor 25","Course 2503"
"Professor 25","Course 2501"
"Professor 26","Course 2505"
"Professor 26","Course 2502"
"Professor 26","Course 2502"
"Professor 26","Course 2501"
"Professor 27","Course 2508"
"Professor 27","Course 2502"
"Professor 27","Course 2504"
"Professor 27","Course 2507"
"Professor 27","Course 2502"
"Professor 28","Course 2507"
"Professor 28","Course 2504"
"Professor 28","Course 2502"
"Professor 28","Course 2505"
"Professor 29","Course 2507"
"Professor 29","Course 2504"
"Professor 29","Course 2503"
"Professor 30","Course 2504"
"Professor 30","Course 2509"
"Professor 30","Course 2509"
"Professor 30","Course 2504"
"Professor 31","Course 2508"
"Professor 31","Course 2506"
"Professor 31","Course 2506"
"Professor 31","Course 2503"
"Professor 31","Course 2508"
"Professor 31","Course 2507"
"Professor 32","Course 2501"
"Professor 32","Course 2507"
"Professor 32","Course 2510"
"Professor 33","Course 2506"
"Professor 33","Course 2505"
"Professor 33","Course 2505"
"Professor 33","Course 2501"
"Professor 34","Course 2502"
"Professor 34","Course 2503"
"Professor 34","Course 2504"
"Professor 34","Course 2505"
"Professor 34","Course 2509"
"Professor 34","Course 2507"
"Professor 35","Course 2506"
"Professor 35","Course 2508"
"Professor 35","Course 2508"
"Professor 36","Course 2504"
"Professor 36","Course 2505"
"Professor 36","Course 2504"
"Professor 36","Course 2508"
"Professor 37","Course 2502"
"Professor 37","Course 2505"
"Professor 37","Course 2508"
"Professor 37","Course 2504"
"Professor 37","Course 2506"
"Professor 38","Course 2510"
"Professor 38","Course 2510"
"Professor 38","Course 2501"
"Professor 39","Course 2506"
"Professor 39","Course 2505"
"Professor 39","Course 2507"
"Professor 39","Course 2505"
"Professor 39","Course 2509"
"Professor 39","Course 2508"
"Professor 40","Course 2509"
"Professor 40","Course 2504"
"Professor 40","Course 2506"
"Professor 40","Course 2504"
"Professor 41","Course 2508"
"Professor 41","Course 2507"
"Professor 41","Course 2509"
"Professor 41","Course 2507"
"Professor 41","Course 2504"
"Professor 41","Course 2510"
"Professor 42","Course 2503"
"Professor 42","Course 2501"
"Professor 42","Course 2505"
"Professor 42","Course 2508"
"Professor 43","Course 2510"
"Professor 43","Course 2508"
"Professor 43","Course 2503"
"Professor 44","Course 2506"
"Professor 44","Course 2501"
"Professor 44","Course 2503"
"Professor 45","Course 2507"
"Professor 45","Course 2510"
"Professor 45","Course 2505"
"Professor 45","Course 2501"
"Professor 45","Course 2506"
"Professor 46","Course 2501"
"Professor 46","Course 2508"
"Professor 46","Course 2505"
"Professor 46","Course 2504"
"Professor 47","Course 2504"
"Professor 47","Course 2501"
"Professor 47","Course 2504"
"Professor 48","Course 2505"
"Professor 48","Course 2510"
"Professor 48","Course 2507"
"Professor 48","Course 2509"
"Professor 48","Course 2501"
"Professor 48","Course 2504"
"Professor 49","Course 2507"
"Professor 49","Course 2507"
"Professor 49","Course 2502"
"Professor 49","Course 2505"
"Professor 50","Course 2501"
"Professor 50","Course 2503"
"Professor 50","Course 2507"
"Professor 50","Course 2502"
"Professor 51","Course 2510"
"Professor 51","Course 2504"
"Professor 51","Course 2501"
"Professor 52","Course 2502"
"Professor 52","Course 2506"
"Professor 52","Course 2502"
"Professor 52","Course 2503"
"Professor 52","Course 2507"
"Professor 53","Course 2502"
"Professor 53","Course 2503"
"Professor 53","Course 2506"
"Professor 53","Course 2509"
"Professor 53","Course 2508"
"Professor 54","Course 2503"
"Professor 54","Course 2502"
"Professor 54","Course 2502"
"Professor 54","Course 2508"
"Professor 54","Course 2507"
"Professor 54","Course 2502"
"Professor 55","Course 2504"
"Professor 55","Course 2506"
"Professor 55","Course 2509"
"Professor 55","Course 2509"
"Professor 55","Course 2501"
"Professor 55","Course 2505"
"Professor 56","Course 2502"
"Professor 56","Course 2501"
"Professor 56","Course 2503"
"Professor 57","Course 2506"
"Professor 57","Course 2506"
"Professor 57","Course 2501"
"Professor 57","Course 2510"
"Professor 57","Course 2503"
"Professor 57","Course 2509"
"Professor 58","Course 2507"
"Professor 58","Course 2507"
"Professor 58","Course 2503"
"Professor 58","Course 2507"
"Professor 59","Course 2502"
"Professor 59","Course 2510"
"Professor 59","Course 2503"
"Professor 60","Course 2508"
"Professor 60","Course 2510"
"Professor 60","Course 2510"
"Professor 60","Course 2505"
"Professor 60","Course 2509"
"Professor 60","Course 2510"
"Professor 61","Course 2510"
"Professor 61","Course 2509"
"Professor 61","Course 2505"
"Professor 61","Course 2508"
"Professor 61","Course 2504"
"Professor 62","Course 2510"
"Professor 62","Course 2507"
"Professor 62","Course 2506"
"Professor 62","Course 2505"
"Professor 62","Course 2508"
"Professor 63","Course 2504"
"Professor 63","Course 2505"
"Professor 63","Course 2503"
"Professor 64","Course 2504"
"Professor 64","Course 2509"
"Professor 64","Course 2504"
"Professor 65","Course 2508"
"Professor 65","Course 2504"
"Professor 65","Course 2503"
"Professor 65","Course 2504"
"Professor 65","Course 2506"
"Professor 66","Course 2507"
"Professor 66","Course 2501"
"Professor 66","Course 2505"
"Professor 66","Course 2506"
"Professor 67","Course 2504"
"Professor 67","Course 2510"
"Professor 67","Course 2503"
"Professor 67","Course 2502"
"Professor 68","Course 2503"
"Professor 68","Course 2506"
"Professor 68","Course 2508"
"Professor 68","Course 2502"
"Professor 69","Course 2506"
"Professor 69","Course 2506"
"Professor 69","Course 2509"
"Professor 69","Course 2509"
"Professor 69","Course 2505"
"Professor 70","Course 2509"
"Professor 70","Course 2504"
"Professor 70","Course 2510"
"Professor 71","Course 2501"
"Professor 71","Course 2505"
"Professor 71","Course 2502"
"Professor 71","Course 2504"
"Professor 71","Course 2505"
"Professor 72","Course 2505"
"Professor 72","Course 2503"
"Professor 72","Course 2509"
"Professor 72","Course 2507"
"Professor 72","Course 2510"
"Professor 73","Course 2504"
"Professor 73","Course 2501"
"Professor 73","Course 2502"
"Professor 73","Course 2506"
"Professor 73","Course 2509"
"Professor 74","Course 2504"
"Professor 74","Course 2503"
"Professor 74","Course 2501"
"Professor 74","Course 2505"
"Professor 74","Course 2507"
"Professor 74","Course 2505"
"Professor 75","Course 2510"
"Professor 75","Course 2505"
"Professor 75","Course 2504"
"Professor 75","Course 2509"
"Professor 75","Course 2504"
"Professor 75","Course 2507"
"Professor 76","Course 2510"
"Professor 76","Course 2504"
"Professor 76","Course 2502"
"Professor 76","Course 2509"
"Professor 76","Course 2503"
"Professor 77","Course 2501"
"Professor 77","Course 2501"
"Professor 77","Course 2502"
"Professor 77","Course 2506"
"Professor 77","Course 2504"
"Professor 78","Course 2509"
"Professor 78","Course 2504"
"Professor 78","Course 2509"
"Professor 78","Course 2505"
"Professor 78","Course 2502"
"Professor 79","Course 2507"
"Professor 79","Course 2502"
"Professor 79","Course 2505"
"Professor 79","Course 2505"
"Professor 79","Course 2503"
"Professor 79","Course 2510"
"Professor 80","Course 2502"
"Professor 80","Course 2503"
"Professor 80","Course 2505"
"Professor 80","Course 2508"
"Professor 80","Course 2508"
"Professor 80","Course 2506"
"Professor 81","Course 2505"
"Professor 81","Course 2502"
"Professor 81","Course 2509"
"Professor 81","Course 2510"
"Professor 81","Course 2505"
"Professor 82","Course 2505"
"Professor 82","Course 2504"
"Professor 82","Course 2507"
"Professor 82","Course 2501"
"Professor 82","Course 2502"
"Professor 83","Course 2503"
"Professor 83","Course 2508"
"Professor 83","Course 2502"
"Professor 83","Course 2504"
"Professor 83","Course 2502"
"Professor 84","Course 2502"
"Professor 84","Course 2508"
"Professor 84","Course 2509"
"Professor 84","Course 2508"
"Professor 84","Course 2507"
"Professor 85","Course 2506"
"Professor 85","Course 2504"
"Professor 85","Course 2505"
"Professor 85","Course 2507"
"Professor 86","Course 2503"
"Professor 86","Course 2505"
"Professor 86","Course 2506"
"Professor 86","Course 2509"
"Professor 86","Course 2504"
"Professor 86","Course 2501"
"Professor 87","Course 2502"
"Professor 87","Course 2506"
"Professor 87","Course 2506"
"Professor 87","Course 2510"
"Professor 87","Course 2506"
"Professor 87","Course 2504"
"Professor 88","Course 2505"
"Professor 88","Course 2510"
"Professor 88","Course 2504"
"Professor 88","Course 2507"
"Professor 88","Course 2507"
"Professor 88","Course 2507"
"Professor 89","Course 2508"
"Professor 89","Course 2509"
"Professor 89","Course 2506"
"Professor 90","Course 2505"
"Professor 90","Course 2509"
"Professor 90","Course 2510"
"Professor 90","Course 2501"
"Professor 91","Course 2501"
"Professor 91","Course 2502"
"Professor 91","Course 2501"
"Professor 91","Course 2501"
"Professor 91","Course 2507"
"Professor 92","Course 2506"
"Professor 92","Course 2507"
"Professor 92","Course 2506"
"Professor 92","Course 2501"
"Professor 93","Course 2509"
"Professor 93","Course 2507"
"Professor 93","Course 2505"
"Professor 93","Course 2504"
"Professor 93","Course 2505"
"Professor 93","Course 2501"
"Professor 94","Course 2507"
"Professor 94","Course 2504"
"Professor 94","Course 2507"
"Professor 94","Course 2508"
"Professor 94","Course 2509"
"Professor 94","Course 2504"
"Professor 95","Course 2506"
"Professor 95","Course 2506"
"Professor 95","Course 2508"
"Professor 95","Course 2502"
"Professor 95","Course 2505"
"Professor 96","Course 2501"
"Professor 96","Course 2503"
"Professor 96","Course 2502"
"Professor 96","Course 2508"
"Professor 97","Course 2506"
"Professor 97","Course 2509"
"Professor 97","Course 2504"
"Professor 97","Course 2508"
"Professor 97","Course 2508"
"Professor 97","Course 2509"
"Professor 98","Course 2504"
"Professor 98","Course 2507"
"Professor 98","Course 2509"
"Professor 98","Course 2503"
"Professor 99","Course 2508"
"Professor 99","Course 2510"
"Professor 99","Course 2504"
"Professor 99","Course 2502"
"Professor 99","Course 2507"
"Professor 100","Course 2502"
"Professor 100","Course 2508"
"Professor 100","Course 2505"
"Professor 100","Course 2503"
"Professor 100","Course 2502"
"Professor 101","Course 2509"
"Professor 101","Course 2504"
"Professor 101","Course 2504"
"Professor 101","Course 2508"
"Professor 101","Course 2506"
"Professor 101","Course 2507"
"Professor 102","Course 2505"
"Professor 102","Course 2501"
"Professor 102","Course 2501"
"Professor 103","Course 2501"
"Professor 103","Course 2510"
"Professor 103","Course 2502"
"Professor 103","Course 2502"
"Professor 103","Course 2504"
"Professor 104","Course 2504"
"Professor 104","Course 2507"
"Professor 104","Course 2504"
"Professor 104","Course 2506"
"Professor 104","Course 2509"
"Professor 104","Course 2507"
"Professor 105","Course 2507"
"Professor 105","Course 2505"
"Professor 105","Course 2501"
"Professor 105","Course 2510"
"Professor 105","Course 2507"
"Professor 105","Course 2509"
"Professor 106","Course 2509"
"Professor 106","Course 2509"
"Professor 106","Course 2506"
"Professor 106","Course 2501"
"Professor 106","Course 2504"
"Professor 106","Course 2506"
"Professor 107","Course 2509"
"Professor 107","Course 2510"
"Professor 107","Course 2508"
"Professor 107","Course 2510"
"Professor 107","Course 2507"
"Professor 107","Course 2505"
"Professor 108","Course 2501"
"Professor 108","Course 2507"
"Professor 108","Course 2508"
"Professor 109","Course 2510"
"Professor 109","Course 2509"
"Professor 109","Course 2504"
"Professor 109","Course 2505"
"Professor 109","Course 2504"
"Professor 109","Course 2501"
"Professor 110","Course 2501"
"Professor 110","Course 2508"
"Professor 110","Course 2506"
"Professor 110","Course 2505"
"Professor 111","Course 2510"
"Professor 111","Course 2506"
"Professor 111","Course 2506"
"Professor 111","Course 2502"
"Professor 111","Course 2507"
"Professor 112","Course 2501"
"Professor 112","Course 2508"
"Professor 112","Course 2501"
"Professor 112","Course 2504"
"Professor 113","Course 2503"
"Professor 113","Course 2505"
"Professor 113","Course 2503"
"Professor 114","Course 2510"
"Professor 114","Course 2509"
"Professor 114","Course 2509"
"Professor 114","Course 2507"
"Professor 115","Course 2501"
"Professor 115","Course 2506"
"Professor 115","Course 2505"
"Professor 116","Course 2503"
"Professor 116","Course 2508"
"Professor 116","Course 2507"
"Professor 116","Course 2510"
"Professor 116","Course 2510"
"Professor 117","Course 2504"
"Professor 117","Course 2504"
"Professor 117","Course 2501"
"Professor 117","Course 2509"
"Professor 118","Course 2501"
"Professor 118","Course 2504"
"Professor 118","Course 2504"
"Professor 119","Course 2509"
"Professor 119","Course 2508"
"Professor 119","Course 2507"
"Professor 119","Course 2501"
"Professor 120","Course 2509"
"Professor 120","Course 2510"
"Professor 120","Course 2504"
"Professor 120","Course 2508"
"Professor 120","Course 2508"
"Professor 120","Course 2503"
"Professor 121","Course 2505"
"Professor 121","Course 2506"
"Professor 121","Course 2505"
"Professor 121","Course 2502"
"Professor 121","Course 2502"
"Professor 121","Course 2510"
"Professor 122","Course 2503"
"Professor 122","Course 2507"
"Professor 122","Course 2503"
"Professor 123","Course 2503"
"Professor 123","Course 2507"
"Professor 123","Course 2508"
"Professor 124","Course 2502"
"Professor 124","Course 2509"
"Professor 124","Course 2509"
"Professor 124","Course 2504"
"Professor 125","Course 2502"
"Professor 125","Course 2508"
"Professor 125","Course 2502"
"Professor 125","Course 2506"
"Professor 125","Course 2508"
"Professor 126","Course 2507"
"Professor 126","Course 2505"
"Professor 126","Course 2502"
"Professor 127","Course 2510"
"Professor 127","Course 2502"
"Professor 127","Course 2503"
"Professor 127","Course 2504"
"Professor 128","Course 2508"
"Professor 128","Course 2507"
"Professor 128","Course 2506"
"Professor 128","Course 2501"
"Professor 129","Course 2507"
"Professor 129","Course 2508"
"Professor 129","Course 2507"
"Professor 129","Course 2504"
"Professor 129","Course 2508"
"Professor 129","Course 2506"
"Professor 130","Course 2506"
"Professor 130","Course 2502"
"Professor 130","Course 2502"
"Professor 130","Course 2510"
"Professor 130","Course 2509"
"Professor 131","Course 2503"
"Professor 131","Course 2509"
"Professor 131","Course 2507"
"Professor 132","Course 2504"
"Professor 132","Course 2507"
"Professor 132","Course 2501"
"Professor 132","Course 2508"
"Professor 132","Course 2505"
"Professor 132","Course 2503"
"Professor 133","Course 2508"
"Professor 133","Course 2503"
"Professor 133","Course 2508"
"Professor 133","Course 2501"
"Professor 134","Course 2502"
"Professor 134","Course 2501"
"Professor 134","Course 2502"
"Professor 134","Course 2504"
"Professor 135","Course 2505"
"Professor 135","Course 2505"
"Professor 135","Course 2510"
"Professor 135","Course 2509"
"Professor 136","Course 2501"
"Professor 136","Course 2504"
"Professor 136","Course 2510"
"Professor 136","Course 2501"
"Professor 137","Course 2502"
"Professor 137","Course 2502"
"Professor 137","Course 2504"
"Professor 137","Course 2505"
"Professor 137","Course 2510"
"Professor 138","Course 2509"
"Professor 138","Course 2505"
"Professor 138","Course 2502"
"Professor 138","Course 2501"
"Professor 138","Course 2506"
"Professor 139","Course 2507"
"Professor 139","Course 2505"
"Professor 139","Course 2509"
"Professor 139","Course 2504"
"Professor 140","Course 2510"
"Professor 140","Course 2506"
"Professor 140","Course 2507"
"Professor 141","Course 2502"
"Professor 141","Course 2505"
"Professor 141","Course 2502"
"Professor 141","Course 2505"
"Professor 141","Course 2502"
"Professor 142","Course 2506"
"Professor 142","Course 2503"
"Professor 142","Course 2503"
"Professor 143","Course 2505"
"Professor 143","Course 2507"
"Professor 143","Course 2501"
"Professor 143","Course 2505"
"Professor 143","Course 2507"
"Professor 144","Course 2505"
"Professor 144","Course 2509"
"Professor 144","Course 2501"
"Professor 144","Course 2501"
"Professor 144","Course 2507"
"Professor 145","Course 2506"
"Professor 145","Course 2507"
"Professor 145","Course 2507"
"Professor 145","Course 2506"
"Professor 146","Course 2505"
"Professor 146","Course 2502"
"Professor 146","Course 2501"
"Professor 146","Course 2504"
"Professor 146","Course 2510"
"Professor 146","Course 2501"
"Professor 147","Course 2506"
"Professor 147","Course 2503"
"Professor 147","Course 2506"
"Professor 147","Course 2508"
"Professor 148","Course 2510"
"Professor 148","Course 2508"
"Professor 148","Course 2505"
"Professor 148","Course 2505"
"Professor 148","Course 2506"
"Professor 149","Course 2502"
"Professor 149","Course 2501"
"Professor 149","Course 2505"
"Professor 149","Course 2506"
"Professor 150","Course 2508"
"Professor 150","Course 2505"
"Professor 150","Course 2505"
"Professor 150","Course 2503"
"Professor 151","Course 2503"
"Professor 151","Course 2507"
"Professor 151","Course 2506"
"Professor 151","Course 2503"
"Professor 151","Course 2506"
"Professor 152","Course 2505"
"Professor 152","Course 2504"
"Professor 152","Course 2509"
"Professor 152","Course 2504"
"Professor 153","Course 2505"
"Professor 153","Course 2510"
"Professor 153","Course 2508"
"Professor 153","Course 2502"
"Professor 153","Course 2504"
"Professor 154","Course 2506"
"Professor 154","Course 2509"
"Professor 154","Course 2507"
"Professor 154","Course 2509"
"Professor 155","Course 2509"
"Professor 155","Course 2503"
"Professor 155","Course 2503"
"Professor 155","Course 2502"
"Professor 156","Course 2503"
"Professor 156","Course 2507"
"Professor 156","Course 2510"
"Professor 156","Course 2510"
"Professor 157","Course 2503"
"Professor 157","Course 2505"
"Professor 157","Course 2502"
"Professor 157","Course 2509"
"Professor 157","Course 2502"
"Professor 157","Course 2502"
"Professor 158","Course 2510"
"Professor 158","Course 2505"
"Professor 158","Course 2506"
"Professor 158","Course 2501"
"Professor 158","Course 2504"
"Professor 159","Course 2504"
"Professor 159","Course 2504"
"Professor 159","Course 2509"
"Professor 160","Course 2506"
"Professor 160","Course 2504"
"Professor 160","Course 2508"
"Professor 161","Course 2508"
"Professor 161","Course 2502"
"Professor 161","Course 2501"
"Professor 162","Course 2510"
"Professor 162","Course 2507"
"Professor 162","Course 2505"
"Professor 162","Course 2507"
"Professor 163","Course 2510"
"Professor 163","Course 2505"
"Professor 163","Course 2507"
"Professor 164","Course 2501"
"Professor 164","Course 2502"
"Professor 164","Course 2507"
"Professor 164","Course 2502"
"Professor 164","Course 2507"
"Professor 164","Course 2509"
"Professor 165","Course 2505"
"Professor 165","Course 2506"
"Professor 165","Course 2504"
"Professor 165","Course 2506"
"Professor 166","Course 2509"
"Professor 166","Course 2506"
"Professor 166","Course 2503"
"Professor 166","Course 2509"
"Professor 166","Course 2501"
"Professor 167","Course 2506"
"Professor 167","Course 2507"
"Professor 167","Course 2504"
"Professor 167","Course 2502"
"Professor 168","Course 2507"
"Professor 168","Course 2508"
"Professor 168","Course 2502"
"Professor 168","Course 2502"
"Professor 168","Course 2510"
"Professor 169","Course 2504"
"Professor 169","Course 2507"
"Professor 169","Course 2506"
"Professor 169","Course 2504"
"Professor 170","Course 2502"
"Professor 170","Course 2505"
"Professor 170","Course 2503"
"Professor 170","Course 2504"
"Professor 170","Course 2510"
"Professor 171","Course 2501"
"Professor 171","Course 2510"
"Professor 171","Course 2506"
"Professor 171","Course 2507"
"Professor 172","Course 2510"
"Professor 172","Course 2507"
"Professor 172","Course 2503"
"Professor 172","Course 2503"
"Professor 173","Course 2502"
"Professor 173","Course 2504"
"Professor 173","Course 2508"
"Professor 173","Course 2509"
"Professor 173","Course 2509"
"Professor 174","Course 2504"
"Professor 174","Course 2506"
"Professor 174","Course 2502"
"Professor 175","Course 2506"
"Professor 175","Course 2501"
"Professor 175","Course 2505"
"Professor 175","Course 2510"
"Professor 176","Course 2501"
"Professor 176","Course 2506"
"Professor 176","Course 2508"
"Professor 176","Course 2510"
"Professor 176","Course 2502"
"Professor 177","Course 2506"
"Professor 177","Course 2504"
"Professor 177","Course 2505"
"Professor 177","Course 2501"
"Professor 178","Course 2506"
"Professor 178","Course 2506"
"Professor 178","Course 2503"
"Professor 178","Course 2508"
"Professor 178","Course 2508"
"Professor 179","Course 2506"
"Professor 179","Course 2505"
"Professor 179","Course 2506"
"Professor 179","Course 2508"
"Professor 179","Course 2501"
"Professor 180","Course 2510"
"Professor 180","Course 2506"
"Professor 180","Course 2503"
"Professor 180","Course 2501"
"Professor 180","Course 2503"
"Professor 180","Course 2504"
"Professor 181","Course 2503"
"Professor 181","Course 2507"
"Professor 181","Course 2505"
"Professor 181","Course 2507"
"Professor 181","Course 2508"
"Professor 181","Course 2507"
"Professor 182","Course 2509"
"Professor 182","Course 2503"
"Professor 182","Course 2503"
"Professor 182","Course 2506"
"Professor 182","Course 2509"
"Professor 183","Course 2504"
"Professor 183","Course 2501"
"Professor 183","Course 2508"
"Professor 184","Course 2501"
"Professor 184","Course 2504"
"Professor 184","Course 2507"
"Professor 184","Course 2504"
"Professor 185","Course 2502"
"Professor 185","Course 2508"
"Professor 185","Course 2507"
"Professor 185","Course 2506"
"Professor 186","Course 2510"
"Professor 186","Course 2504"
"Professor 186","Course 2506"
"Professor 186","Course 2504"
"Professor 186","Course 2510"
"Professor 187","Course 2504"
"Professor 187","Course 2507"
"Professor 187","Course 2510"
"Professor 188","Course 2508"
"Professor 188","Course 2508"
"Professor 188","Course 2508"
"Professor 189","Course 2507"
"Professor 189","Course 2503"
"Professor 189","Course 2505"
"Professor 190","Course 2504"
"Professor 190","Course 2509"
"Professor 190","Course 2505"
"Professor 190","Course 2510"
"Professor 190","Course 2503"
"Professor 190","Course 2503"
"Professor 191","Course 2507"
"Professor 191","Course 2507"
"Professor 191","Course 2501"
"Professor 191","Course 2504"
"Professor 191","Course 2504"
"Professor 191","Course 2510"
"Professor 192","Course 2509"
"Professor 192","Course 2502"
"Professor 192","Course 2505"
"Professor 192","Course 2504"
"Professor 192","Course 2507"
"Professor 193","Course 2504"
"Professor 193","Course 2510"
"Professor 193","Course 2505"
"Professor 194","Course 2508"
"Professor 194","Course 2502"
"Professor 194","Course 2510"
"Professor 194","Course 2506"
"Professor 195","Course 2504"
"Professor 195","Course 2502"
"Professor 195","Course 2501"
"Professor 195","Course 2503"
"Professor 195","Course 2504"
"Professor 196","Course 2510"
"Professor 196","Course 2508"
"Professor 196","Course 2510"
"Professor 196","Course 2510"
"Professor 196","Course 2507"
"Professor 196","Course 2502"
"Professor 197","Course 2502"
"Professor 197","Course 2501"
"Professor 197","Course 2507"
"Professor 197","Course 2509"
"Professor 197","Course 2504"
"Professor 197","Course 2501"
"Professor 198","Course 2503"
"Professor 198","Course 2505"
"Professor 198","Course 2508"
"Professor 198","Course 2503"
"Professor 199","Course 2509"
"Professor 199","Course 2509"
"Professor 199","Course 2507"
