"Professor 0","Course 0"
"Professor 0","Course 0"
"Professor 0","Course 0"
"Professor 0","Course 0"
"Professor 0","Course 0"
"Professor 1","Course 1"
"Professor 1","Course 1"
"Professor 1","Course 1"
"Professor 1","Course 1"
"Professor 1","Course 1"
"Professor 2","Course 2"
"Professor 2","Course 2"
"Professor 2","Course 2"
"Professor 2","Course 2"
"Professor 2","Course 2"
"Professor 3","Course 3"
"Professor 3","Course 3"
"Professor 3","Course 3"
"Professor 3","Course 3"
"Professor 3","Course 3"
"Professor 3","Course 3"
"Professor 4","Course 4"
"Professor 4","Course 4"
"Professor 4","Course 4"
"Professor 5","Course 5"
"Professor 5","Course 5"
"Professor 5","Course 5"
"Professor 5","Course 5"
"Professor 5","Course 5"
"Professor 6","Course 6"
"Professor 6","Course 6"
"Professor 6","Course 6"
"Professor 6","Course 6"
"Professor 6","Course 6"
"Professor 7","Course 7"
"Professor 7","Course 7"
"Professor 7","Course 7"
"Professor 8","Course 8"
"Professor 8","Course 8"
"Professor 8","Course 8"
"Professor 8","Course 8"
"Professor 9","Course 9"
"Professor 9","Course 9"
"Professor 9","Course 9"
"Professor 9","Course 9"
"Professor 9","Course 9"
"Professor 10","Course 10"
"Professor 10","Course 10"
"Professor 10","Course 10"
"Professor 10","Course 10"
"Professor 10","Course 10"
"Professor 10","Course 10"
"Professor 11","Course 11"
"Professor 11","Course 11"
"Professor 11","Course 11"
"Professor 11","Course 11"
"Professor 12","Course 12"
"Professor 12","Course 12"
"Professor 12","Course 12"
"Professor 12","Course 12"
"Professor 12","Course 12"
"Professor 12","Course 12"
"Professor 13","Course 13"
"Professor 13","Course 13"
"Professor 13","Course 13"
"Professor 13","Course 13"
"Professor 13","Course 13"
"Professor 14","Course 14"
"Professor 14","Course 14"
"Professor 14","Course 14"
"Professor 14","Course 14"
"Professor 15","Course 15"
"Professor 15","Course 15"
"Professor 15","Course 15"
"Professor 15","Course 15"
"Professor 15","Course 15"
"Professor 16","Course 16"
"Professor 16","Course 16"
"Professor 16","Course 16"
"Professor 17","Course 17"
"Professor 17","Course 17"
"Professor 17","Course 17"
"Professor 17","Course 17"
"Professor 17","Course 17"
"Professor 18","Course 18"
"Professor 18","Course 18"
"Professor 18","Course 18"
"Professor 18","Course 18"
"Professor 18","Course 18"
"Professor 18","Course 18"
"Professor 19","Course 19"
"Professor 19","Course 19"
"Professor 19","Course 19"
"Professor 19","Course 19"
"Professor 20","Course 20"
"Professor 20","Course 20"
"Professor 20","Course 20"
"Professor 21","Course 21"
"Professor 21","Course 21"
"Professor 21","Course 21"
"Professor 22","Course 22"
"Professor 22","Course 22"
"Professor 22","Course 22"
"Professor 22","Course 22"
"Professor 22","Course 22"
"Professor 23","Course 23"
"Professor 23","Course 23"
"Professor 23","Course 23"
"Professor 23","Course 23"
"Professor 24","Course 24"
"Professor 24","Course 24"
"Professor 24","Course 24"
"Professor 24","Course 24"
"Professor 24","Course 24"
"Professor 25","Course 25"
"Professor 25","Course 25"
"Professor 25","Course 25"
"Professor 26","Course 26"
"Professor 26","Course 26"
"Professor 26","Course 26"
"Professor 27","Course 27"
"Professor 27","Course 27"
"Professor 27","Course 27"
"Professor 28","Course 28"
"Professor 28","Course 28"
"Professor 28","Course 28"
"Professor 28","Course 28"
"Professor 28","Course 28"
"Professor 28","Course 28"
"Professor 29","Course 29"
"Professor 29","Course 29"
"Professor 29","Course 29"
"Professor 29","Course 29"
"Professor 30","Course 30"
"Professor 30","Course 30"
"Professor 30","Course 30"
"Professor 30","Course 30"
"Professor 30","Course 30"
"Professor 30","Course 30"
"Professor 31","Course 31"
"Professor 31","Course 31"
"Professor 31","Course 31"
"Professor 32","Course 32"
"Professor 32","Course 32"
"Professor 32","Course 32"
"Professor 32","Course 32"
"Professor 32","Course 32"
"Professor 32","Course 32"
"Professor 33","Course 33"
"Professor 33","Course 33"
"Professor 33","Course 33"
"Professor 33","Course 33"
"Professor 34","Course 34"
"Professor 34","Course 34"
"Professor 34","Course 34"
"Professor 34","Course 34"
"Professor 35","Course 35"
"Professor 35","Course 35"
"Professor 35","Course 35"
"Professor 35","Course 35"
"Professor 35","Course 35"
"Professor 36","Course 36"
"Professor 36","Course 36"
"Professor 36","Course 36"
"Professor 36","Course 36"
"Professor 36","Course 36"
"Professor 36","Course 36"
"Professor 37","Course 37"
"Professor 37","Course 37"
"Professor 37","Course 37"
"Professor 37","Course 37"
"Professor 37","Course 37"
"Professor 38","Course 38"
"Professor 38","Course 38"
"Professor 38","Course 38"
"Professor 38","Course 38"
"Professor 39","Course 39"
"Professor 39","Course 39"
"Professor 39","Course 39"
"Professor 40","Course 40"
"Professor 40","Course 40"
"Professor 40","Course 40"
"Professor 40","Course 40"
"Professor 40","Course 40"
"Professor 40","Course 40"
"Professor 41","Course 41"
"Professor 41","Course 41"
"Professor 41","Course 41"
"Professor 42","Course 42"
"Professor 42","Course 42"
"Professor 42","Course 42"
"Professor 42","Course 42"
"Professor 43","Course 43"
"Professor 43","Course 43"
"Professor 43","Course 43"
"Professor 43","Course 43"
"Professor 44","Course 44"
"Professor 44","Course 44"
"Professor 44","Course 44"
"Professor 44","Course 44"
"Professor 44","Course 44"
"Professor 44","Course 44"
"Professor 45","Course 45"
"Professor 45","Course 45"
"Professor 45","Course 45"
"Professor 45","Course 45"
"Professor 45","Course 45"
"Professor 45","Course 45"
"Professor 46","Course 46"
"Professor 46","Course 46"
"Professor 46","Course 46"
"Professor 46","Course 46"
"Professor 46","Course 46"
"Professor 46","Course 46"
"Professor 47","Course 47"
"Professor 47","Course 47"
"Professor 47","Course 47"
"Professor 48","Course 48"
"Professor 48","Course 48"
"Professor 48","Course 48"
"Professor 48","Course 48"
"Professor 49","Course 49"
"Professor 49","Course 49"
"Professor 49","Course 49"
"Professor 50","Course 50"
"Professor 50","Course 50"
"Professor 50","Course 50"
"Professor 50","Course 50"
"Professor 51","Course 51"
"Professor 51","Course 51"
"Professor 51","Course 51"
"Professor 52","Course 52"
"Professor 52","Course 52"
"Professor 52","Course 52"
"Professor 52","Course 52"
"Professor 52","Course 52"
"Professor 52","Course 52"
"Professor 53","Course 53"
"Professor 53","Course 53"
"Professor 53","Course 53"
"Professor 53","Course 53"
"Professor 54","Course 54"
"Professor 54","Course 54"
"Professor 54","Course 54"
"Professor 54","Course 54"
"Professor 54","Course 54"
"Professor 55","Course 55"
"Professor 55","Course 55"
"Professor 55","Course 55"
"Professor 55","Course 55"
"Professor 55","Course 55"
"Professor 55","Course 55"
"Professor 56","Course 56"
"Professor 56","Course 56"
"Professor 56","Course 56"
"Professor 56","Course 56"
"Professor 57","Course 57"
"Professor 57","Course 57"
"Professor 57","Course 57"
"Professor 57","Course 57"
"Professor 58","Course 58"
"Professor 58","Course 58"
"Professor 58","Course 58"
"Professor 58","Course 58"
"Professor 58","Course 58"
"Professor 59","Course 59"
"Professor 59","Course 59"
"Professor 59","Course 59"
"Professor 59","Course 59"
"Professor 59","Course 59"
"Professor 59","Course 59"
"Professor 60","Course 60"
"Professor 60","Course 60"
"Professor 60","Course 60"
"Professor 60","Course 60"
"Professor 60","Course 60"
"Professor 61","Course 61"
"Professor 61","Course 61"
"Professor 61","Course 61"
"Professor 61","Course 61"
"Professor 62","Course 62"
"Professor 62","Course 62"
"Professor 62","Course 62"
"Professor 63","Course 63"
"Professor 63","Course 63"
"Professor 63","Course 63"
"Professor 63","Course 63"
"Professor 63","Course 63"
"Professor 64","Course 64"
"Professor 64","Course 64"
"Professor 64","Course 64"
"Professor 65","Course 65"
"Professor 65","Course 65"
"Professor 65","Course 65"
"Professor 66","Course 66"
"Professor 66","Course 66"
"Professor 66","Course 66"
"Professor 66","Course 66"
"Professor 67","Course 67"
"Professor 67","Course 67"
"Professor 67","Course 67"
"Professor 67","Course 67"
"Professor 68","Course 68"
"Professor 68","Course 68"
"Professor 68","Course 68"
"Professor 68","Course 68"
"Professor 68","Course 68"
"Professor 68","Course 68"
"Professor 69","Course 69"
"Professor 69","Course 69"
"Professor 69","Course 69"
"Professor 70","Course 70"
"Professor 70","Course 70"
"Professor 70","Course 70"
"Professor 71","Course 71"
"Professor 71","Course 71"
"Professor 71","Course 71"
"Professor 71","Course 71"
"Professor 71","Course 71"
"Professor 72","Course 72"
"Professor 72","Course 72"
"Professor 72","Course 72"
"Professor 72","Course 72"
"Professor 72","Course 72"
"Professor 72","Course 72"
"Professor 73","Course 73"
"Professor 73","Course 73"
"Professor 73","Course 73"
"Professor 73","Course 73"
"Professor 73","Course 73"
"Professor 74","Course 74"
"Professor 74","Course 74"
"Professor 74","Course 74"
"Professor 74","Course 74"
"Professor 74","Course 74"
"Professor 74","Course 74"
"Professor 75","Course 75"
"Professor 75","Course 75"
"Professor 75","Course 75"
"Professor 76","Course 76"
"Professor 76","Course 76"
"Professor 76","Course 76"
"Professor 76","Course 76"
"Professor 77","Course 77"
"Professor 77","Course 77"
"Professor 77","Course 77"
"Professor 77","Course 77"
"Professor 78","Course 78"
"Professor 78","Course 78"
"Professor 78","Course 78"
"Professor 78","Course 78"
"Professor 78","Course 78"
"Professor 79","Course 79"
"Professor 79","Course 79"
"Professor 79","Course 79"
"Professor 79","Course 79"
"Professor 80","Course 80"
"Professor 80","Course 80"
"Professor 80","Course 80"
"Professor 80","Course 80"
"Professor 81","Course 81"
"Professor 81","Course 81"
"Professor 81","Course 81"
"Professor 81","Course 81"
"Professor 81","Course 81"
"Professor 81","Course 81"
"Professor 82","Course 82"
"Professor 82","Course 82"
"Professor 82","Course 82"
"Professor 83","Course 83"
"Professor 83","Course 83"
"Professor 83","Course 83"
"Professor 83","Course 83"
"Professor 83","Course 83"
"Professor 84","Course 84"
"Professor 84","Course 84"
"Professor 84","Course 84"
"Professor 85","Course 85"
"Professor 85","Course 85"
"Professor 85","Course 85"
"Professor 86","Course 86"
"Professor 86","Course 86"
"Professor 86","Course 86"
"Professor 86","Course 86"
"Professor 87","Course 87"
"Professor 87","Course 87"
"Professor 87","Course 87"
"Professor 87","Course 87"
"Professor 87","Course 87"
"Professor 87","Course 87"
"Professor 88","Course 88"
"Professor 88","Course 88"
"Professor 88","Course 88"
"Professor 89","Course 89"
"Professor 89","Course 89"
"Professor 89","Course 89"
"Professor 89","Course 89"
"Professor 90","Course 90"
"Professor 90","Course 90"
"Professor 90","Course 90"
"Professor 90","Course 90"
"Professor 91","Course 91"
"Professor 91","Course 91"
"Professor 91","Course 91"
"Professor 91","Course 91"
"Professor 91","Course 91"
"Professor 92","Course 92"
"Professor 92","Course 92"
"Professor 92","Course 92"
"Professor 93","Course 93"
"Professor 93","Course 93"
"Professor 93","Course 93"
"Professor 93","Course 93"
"Professor 93","Course 93"
"Professor 94","Course 94"
"Professor 94","Course 94"
"Professor 94","Course 94"
"Professor 95","Course 95"
"Professor 95","Course 95"
"Professor 95","Course 95"
"Professor 95","Course 95"
"Professor 95","Course 95"
"Professor 96","Course 96"
"Professor 96","Course 96"
"Professor 96","Course 96"
"Professor 96","Course 96"
"Professor 96","Course 96"
"Professor 96","Course 96"
"Professor 97","Course 97"
"Professor 97","Course 97"
"Professor 97","Course 97"
"Professor 98","Course 98"
"Professor 98","Course 98"
"Professor 98","Course 98"
"Professor 98","Course 98"
"Professor 98","Course 98"
"Professor 98","Course 98"
"Professor 99","Course 99"
"Professor 99","Course 99"
"Professor 99","Course 99"
"Professor 99","Course 99"
"Professor 99","Course 99"
"Professor 100","Course 100"
"Professor 100","Course 100"
"Professor 100","Course 100"
"Professor 100","Course 100"
"Professor 100","Course 100"
"Professor 101","Course 101"
"Professor 101","Course 101"
"Professor 101","Course 101"
"Professor 101","Course 101"
"Professor 101","Course 101"
"Professor 101","Course 101"
"Professor 102","Course 102"
"Professor 102","Course 102"
"Professor 102","Course 102"
"Professor 102","Course 102"
"Professor 102","Course 102"
"Professor 103","Course 103"
"Professor 103","Course 103"
"Professor 103","Course 103"
"Professor 103","Course 103"
"Professor 104","Course 104"
"Professor 104","Course 104"
"Professor 104","Course 104"
"Professor 104","Course 104"
"Professor 104","Course 104"
"Professor 104","Course 104"
"Professor 105","Course 105"
"Professor 105","Course 105"
"Professor 105","Course 105"
"Professor 105","Course 105"
"Professor 105","Course 105"
"Professor 105","Course 105"
"Professor 106","Course 106"
"Professor 106","Course 106"
"Professor 106","Course 106"
"Professor 106","Course 106"
"Professor 107","Course 107"
"Professor 107","Course 107"
"Professor 107","Course 107"
"Professor 107","Course 107"
"Professor 107","Course 107"
"Professor 108","Course 108"
"Professor 108","Course 108"
"Professor 108","Course 108"
"Professor 108","Course 108"
"Professor 108","Course 108"
"Professor 109","Course 109"
"Professor 109","Course 109"
"Professor 109","Course 109"
"Professor 109","Course 109"
"Professor 110","Course 110"
"Professor 110","Course 110"
"Professor 110","Course 110"
"Professor 110","Course 110"
"Professor 110","Course 110"
"Professor 110","Course 110"
"Professor 111","Course 111"
"Professor 111","Course 111"
"Professor 111","Course 111"
"Professor 112","Course 112"
"Professor 112","Course 112"
"Professor 112","Course 112"
"Professor 112","Course 112"
"Professor 112","Course 112"
"Professor 113","Course 113"
"Professor 113","Course 113"
"Professor 113","Course 113"
"Professor 114","Course 114"
"Professor 114","Course 114"
"Professor 114","Course 114"
"Professor 114","Course 114"
"Professor 115","Course 115"
"Professor 115","Course 115"
"Professor 115","Course 115"
"Professor 116","Course 116"
"Professor 116","Course 116"
"Professor 116","Course 116"
"Professor 116","Course 116"
"Professor 116","Course 116"
"Professor 116","Course 116"
"Professor 117","Course 117"
"Professor 117","Course 117"
"Professor 117","Course 117"
"Professor 117","Course 117"
"Professor 117","Course 117"
"Professor 117","Course 117"
"Professor 118","Course 118"
"Professor 118","Course 118"
"Professor 118","Course 118"
"Professor 118","Course 118"
"Professor 119","Course 119"
"Professor 119","Course 119"
"Professor 119","Course 119"
"Professor 119","Course 119"
"Professor 120","Course 120"
"Professor 120","Course 120"
"Professor 120","Course 120"
"Professor 120","Course 120"
"Professor 121","Course 121"
"Professor 121","Course 121"
"Professor 121","Course 121"
"Professor 122","Course 122"
"Professor 122","Course 122"
"Professor 122","Course 122"
"Professor 122","Course 122"
"Professor 123","Course 123"
"Professor 123","Course 123"
"Professor 123","Course 123"
"Professor 123","Course 123"
"Professor 123","Course 123"
"Professor 123","Course 123"
"Professor 124","Course 124"
"Professor 124","Course 124"
"Professor 124","Course 124"
"Professor 124","Course 124"
"Professor 124","Course 124"
"Professor 125","Course 125"
"Professor 125","Course 125"
"Professor 125","Course 125"
"Professor 125","Course 125"
"Professor 126","Course 126"
"Professor 126","Course 126"
"Professor 126","Course 126"
"Professor 126","Course 126"
"Professor 127","Course 127"
"Professor 127","Course 127"
"Professor 127","Course 127"
"Professor 127","Course 127"
"Professor 128","Course 128"
"Professor 128","Course 128"
"Professor 128","Course 128"
"Professor 128","Course 128"
"Professor 129","Course 129"
"Professor 129","Course 129"
"Professor 129","Course 129"
"Professor 129","Course 129"
"Professor 130","Course 130"
"Professor 130","Course 130"
"Professor 130","Course 130"
"Professor 130","Course 130"
"Professor 130","Course 130"
"Professor 130","Course 130"
"Professor 131","Course 131"
"Professor 131","Course 131"
"Professor 131","Course 131"
"Professor 132","Course 132"
"Professor 132","Course 132"
"Professor 132","Course 132"
"Professor 132","Course 132"
"Professor 132","Course 132"
"Professor 132","Course 132"
"Professor 133","Course 133"
"Professor 133","Course 133"
"Professor 133","Course 133"
"Professor 133","Course 133"
"Professor 134","Course 134"
"Professor 134","Course 134"
"Professor 134","Course 134"
"Professor 135","Course 135"
"Professor 135","Course 135"
"Professor 135","Course 135"
"Professor 136","Course 136"
"Professor 136","Course 136"
"Professor 136","Course 136"
"Professor 136","Course 136"
"Professor 136","Course 136"
"Professor 136","Course 136"
"Professor 137","Course 137"
"Professor 137","Course 137"
"Professor 137","Course 137"
"Professor 137","Course 137"
"Professor 137","Course 137"
"Professor 137","Course 137"
"Professor 138","Course 138"
"Professor 138","Course 138"
"Professor 138","Course 138"
"Professor 139","Course 139"
"Professor 139","Course 139"
"Professor 139","Course 139"
"Professor 139","Course 139"
"Professor 140","Course 140"
"Professor 140","Course 140"
"Professor 140","Course 140"
"Professor 141","Course 141"
"Professor 141","Course 141"
"Professor 141","Course 141"
"Professor 141","Course 141"
"Professor 141","Course 141"
"Professor 142","Course 142"
"Professor 142","Course 142"
"Professor 142","Course 142"
"Professor 142","Course 142"
"Professor 142","Course 142"
"Professor 142","Course 142"
"Professor 143","Course 143"
"Professor 143","Course 143"
"Professor 143","Course 143"
"Professor 143","Course 143"
"Professor 143","Course 143"
"Professor 143","Course 143"
"Professor 144","Course 144"
"Professor 144","Course 144"
"Professor 144","Course 144"
"Professor 144","Course 144"
"Professor 144","Course 144"
"Professor 144","Course 144"
"Professor 145","Course 145"
"Professor 145","Course 145"
"Professor 145","Course 145"
"Professor 145","Course 145"
"Professor 145","Course 145"
"Professor 146","Course 146"
"Professor 146","Course 146"
"Professor 146","Course 146"
"Professor 146","Course 146"
"Professor 146","Course 146"
"Professor 147","Course 147"
"Professor 147","Course 147"
"Professor 147","Course 147"
"Professor 147","Course 147"
"Professor 147","Course 147"
"Professor 147","Course 147"
"Professor 148","Course 148"
"Professor 148","Course 148"
"Professor 148","Course 148"
"Professor 148","Course 148"
"Professor 148","Course 148"
"Professor 148","Course 148"
"Professor 149","Course 149"
"Professor 149","Course 149"
"Professor 149","Course 149"
"Professor 149","Course 149"
"Professor 149","Course 149"
"Professor 150","Course 150"
"Professor 150","Course 150"
"Professor 150","Course 150"
"Professor 150","Course 150"
"Professor 150","Course 150"
"Professor 150","Course 150"
"Professor 151","Course 151"
"Professor 151","Course 151"
"Professor 151","Course 151"
"Professor 152","Course 152"
"Professor 152","Course 152"
"Professor 152","Course 152"
"Professor 153","Course 153"
"Professor 153","Course 153"
"Professor 153","Course 153"
"Professor 154","Course 154"
"Professor 154","Course 154"
"Professor 154","Course 154"
"Professor 154","Course 154"
"Professor 154","Course 154"
"Professor 154","Course 154"
"Professor 155","Course 155"
"Professor 155","Course 155"
"Professor 155","Course 155"
"Professor 156","Course 156"
"Professor 156","Course 156"
"Professor 156","Course 156"
"Professor 156","Course 156"
"Professor 156","Course 156"
"Professor 157","Course 157"
"Professor 157","Course 157"
"Professor 157","Course 157"
"Professor 158","Course 158"
"Professor 158","Course 158"
"Professor 158","Course 158"
"Professor 159","Course 159"
"Professor 159","Course 159"
"Professor 159","Course 159"
"Professor 159","Course 159"
"Professor 160","Course 160"
"Professor 160","Course 160"
"Professor 160","Course 160"
"Professor 160","Course 160"
"Professor 160","Course 160"
"Professor 160","Course 160"
"Professor 161","Course 161"
"Professor 161","Course 161"
"Professor 161","Course 161"
"Professor 161","Course 161"
"Professor 162","Course 162"
"Professor 162","Course 162"
"Professor 162","Course 162"
"Professor 163","Course 163"
"Professor 163","Course 163"
"Professor 163","Course 163"
"Professor 163","Course 163"
"Professor 164","Course 164"
"Professor 164","Course 164"
"Professor 164","Course 164"
"Professor 165","Course 165"
"Professor 165","Course 165"
"Professor 165","Course 165"
"Professor 165","Course 165"
"Professor 165","Course 165"
"Professor 166","Course 166"
"Professor 166","Course 166"
"Professor 166","Course 166"
"Professor 167","Course 167"
"Professor 167","Course 167"
"Professor 167","Course 167"
"Professor 168","Course 168"
"Professor 168","Course 168"
"Professor 168","Course 168"
"Professor 168","Course 168"
"Professor 168","Course 168"
"Professor 169","Course 169"
"Professor 169","Course 169"
"Professor 169","Course 169"
"Professor 169","Course 169"
"Professor 169","Course 169"
"Professor 169","Course 169"
"Professor 170","Course 170"
"Professor 170","Course 170"
"Professor 170","Course 170"
"Professor 171","Course 171"
"Professor 171","Course 171"
"Professor 171","Course 171"
"Professor 171","Course 171"
"Professor 172","Course 172"
"Professor 172","Course 172"
"Professor 172","Course 172"
"Professor 172","Course 172"
"Professor 172","Course 172"
"Professor 173","Course 173"
"Professor 173","Course 173"
"Professor 173","Course 173"
"Professor 173","Course 173"
"Professor 173","Course 173"
"Professor 174","Course 174"
"Professor 174","Course 174"
"Professor 174","Course 174"
"Professor 174","Course 174"
"Professor 174","Course 174"
"Professor 175","Course 175"
"Professor 175","Course 175"
"Professor 175","Course 175"
"Professor 175","Course 175"
"Professor 175","Course 175"
"Professor 175","Course 175"
"Professor 176","Course 176"
"Professor 176","Course 176"
"Professor 176","Course 176"
"Professor 176","Course 176"
"Professor 176","Course 176"
"Professor 177","Course 177"
"Professor 177","Course 177"
"Professor 177","Course 177"
"Professor 177","Course 177"
"Professor 177","Course 177"
"Professor 178","Course 178"
"Professor 178","Course 178"
"Professor 178","Course 178"
"Professor 178","Course 178"
"Professor 179","Course 179"
"Professor 179","Course 179"
"Professor 179","Course 179"
"Professor 179","Course 179"
"Professor 179","Course 179"
"Professor 179","Course 179"
"Professor 180","Course 180"
"Professor 180","Course 180"
"Professor 180","Course 180"
"Professor 180","Course 180"
"Professor 181","Course 181"
"Professor 181","Course 181"
"Professor 181","Course 181"
"Professor 181","Course 181"
"Professor 181","Course 181"
"Professor 182","Course 182"
"Professor 182","Course 182"
"Professor 182","Course 182"
"Professor 182","Course 182"
"Professor 183","Course 183"
"Professor 183","Course 183"
"Professor 183","Course 183"
"Professor 184","Course 184"
"Professor 184","Course 184"
"Professor 184","Course 184"
"Professor 184","Course 184"
"Professor 184","Course 184"
"Professor 184","Course 184"
"Professor 185","Course 185"
"Professor 185","Course 185"
"Professor 185","Course 185"
"Professor 185","Course 185"
"Professor 185","Course 185"
"Professor 186","Course 186"
"Professor 186","Course 186"
"Professor 186","Course 186"
"Professor 186","Course 186"
"Professor 187","Course 187"
"Professor 187","Course 187"
"Professor 187","Course 187"
"Professor 187","Course 187"
"Professor 187","Course 187"
"Professor 187","Course 187"
"Professor 188","Course 188"
"Professor 188","Course 188"
"Professor 188","Course 188"
"Professor 188","Course 188"
"Professor 189","Course 189"
"Professor 189","Course 189"
"Professor 189","Course 189"
"Professor 189","Course 189"
"Professor 190","Course 190"
"Professor 190","Course 190"
"Professor 190","Course 190"
"Professor 190","Course 190"
"Professor 190","Course 190"
"Professor 191","Course 191"
"Professor 191","Course 191"
"Professor 191","Course 191"
"Professor 191","Course 191"
"Professor 192","Course 192"
"Professor 192","Course 192"
"Professor 192","Course 192"
"Professor 193","Course 193"
"Professor 193","Course 193"
"Professor 193","Course 193"
"Professor 193","Course 193"
"Professor 193","Course 193"
"Professor 194","Course 194"
"Professor 194","Course 194"
"Professor 194","Course 194"
"Professor 194","Course 194"
"Professor 194","Course 194"
"Professor 195","Course 195"
"Professor 195","Course 195"
"Professor 195","Course 195"
"Professor 195","Course 195"
"Professor 195","Course 195"
"Professor 195","Course 195"
"Professor 196","Course 196"
"Professor 196","Course 196"
"Professor 196","Course 196"
"Professor 196","Course 196"
"Professor 197","Course 197"
"Professor 197","Course 197"
"Professor 197","Course 197"
"Professor 197","Course 197"
"Professor 197","Course 197"
"Professor 198","Course 198"
"Professor 198","Course 198"
"Professor 198","Course 198"
"Professor 199","Course 199"
"Professor 199","Course 199"
"Professor 199","Course 199"
"Professor 199","Course 199"
"Professor 199","Course 199"
